dataset,p,centrality_rmse,embedding_rmse,average_rmse,stacked_rmse,stacked_mae
dataset_3,p0,0.3294751231433244,0.6938711277563963,0.43461117320276793,0.3269632701867472,0.1671710790418178
dataset_3,p5,0.29364541012392437,0.7229381841339686,0.4237266422955387,0.28970978595886354,0.14859229363069176
dataset_3,p10,0.29364541012392437,0.7229381841339686,0.4237266422955387,0.28970978595886354,0.14859229363069176
dataset_3,p15,0.29364541012392437,0.7229381841339686,0.4237266422955387,0.28970978595886354,0.14859229363069176
dataset_3,p20,0.32468372565357373,0.7356050789377104,0.44634235229577396,0.31739648257187403,0.15307715069888514
dataset_3,p25,0.32468372565357373,0.7356050789377104,0.44634235229577396,0.31739648257187403,0.15307715069888514
dataset_3,p30,0.32468372565357373,0.7356050789377104,0.44634235229577396,0.31739648257187403,0.15307715069888514
dataset_3,p35,0.32468372565357373,0.7356050789377104,0.44634235229577396,0.31739648257187403,0.15307715069888514
dataset_3,p40,0.32468372565357373,0.7356050789377104,0.44634235229577396,0.31739648257187403,0.15307715069888514
