bank_id,systemic_risk_label,log_systemic_risk_label
0,1,0.6931471805599453
1,1,0.6931471805599453
2,1,0.6931471805599453
3,1,0.6931471805599453
4,1,0.6931471805599453
5,1,0.6931471805599453
6,1,0.6931471805599453
7,1,0.6931471805599453
8,1,0.6931471805599453
9,1,0.6931471805599453
10,1,0.6931471805599453
11,1,0.6931471805599453
12,1,0.6931471805599453
13,1,0.6931471805599453
14,1,0.6931471805599453
15,1,0.6931471805599453
16,1,0.6931471805599453
17,2,1.0986122886681098
18,2,1.0986122886681098
19,1,0.6931471805599453
20,1,0.6931471805599453
21,1,0.6931471805599453
22,1,0.6931471805599453
23,1,0.6931471805599453
24,1,0.6931471805599453
25,1,0.6931471805599453
26,1,0.6931471805599453
27,1,0.6931471805599453
28,1,0.6931471805599453
29,2,1.0986122886681098
30,6,1.9459101490553132
31,1,0.6931471805599453
32,1,0.6931471805599453
33,1,0.6931471805599453
34,2,1.0986122886681098
35,1,0.6931471805599453
36,1,0.6931471805599453
37,1,0.6931471805599453
38,1,0.6931471805599453
39,1,0.6931471805599453
40,1,0.6931471805599453
41,1,0.6931471805599453
42,1,0.6931471805599453
43,1,0.6931471805599453
44,1,0.6931471805599453
45,1,0.6931471805599453
46,1,0.6931471805599453
47,1,0.6931471805599453
48,1,0.6931471805599453
49,1,0.6931471805599453
50,1,0.6931471805599453
51,1,0.6931471805599453
52,1,0.6931471805599453
53,1,0.6931471805599453
54,1,0.6931471805599453
55,1,0.6931471805599453
56,1,0.6931471805599453
57,1,0.6931471805599453
58,1,0.6931471805599453
59,1,0.6931471805599453
60,1,0.6931471805599453
61,1,0.6931471805599453
62,1,0.6931471805599453
63,1,0.6931471805599453
64,1,0.6931471805599453
65,1,0.6931471805599453
66,1,0.6931471805599453
67,1,0.6931471805599453
68,1,0.6931471805599453
69,1,0.6931471805599453
70,1,0.6931471805599453
71,1,0.6931471805599453
72,1,0.6931471805599453
73,1,0.6931471805599453
74,1,0.6931471805599453
75,1,0.6931471805599453
76,3,1.3862943611198906
77,1,0.6931471805599453
78,1,0.6931471805599453
79,1,0.6931471805599453
80,1,0.6931471805599453
81,2,1.0986122886681098
82,2,1.0986122886681098
83,2,1.0986122886681098
84,1,0.6931471805599453
85,1,0.6931471805599453
86,1,0.6931471805599453
87,1,0.6931471805599453
88,1,0.6931471805599453
89,1,0.6931471805599453
90,1,0.6931471805599453
91,1,0.6931471805599453
92,1,0.6931471805599453
93,1,0.6931471805599453
94,1,0.6931471805599453
95,1,0.6931471805599453
96,1,0.6931471805599453
97,1,0.6931471805599453
98,1,0.6931471805599453
99,1,0.6931471805599453
100,1,0.6931471805599453
101,1,0.6931471805599453
102,1,0.6931471805599453
103,1,0.6931471805599453
104,1,0.6931471805599453
105,1,0.6931471805599453
106,2,1.0986122886681098
107,1,0.6931471805599453
108,1,0.6931471805599453
109,1,0.6931471805599453
110,1,0.6931471805599453
111,1,0.6931471805599453
112,1,0.6931471805599453
113,1,0.6931471805599453
114,1,0.6931471805599453
115,1,0.6931471805599453
116,1,0.6931471805599453
117,1,0.6931471805599453
118,1,0.6931471805599453
119,1,0.6931471805599453
120,1,0.6931471805599453
121,1,0.6931471805599453
122,1,0.6931471805599453
123,1,0.6931471805599453
124,1,0.6931471805599453
125,1,0.6931471805599453
126,1,0.6931471805599453
127,1,0.6931471805599453
128,1,0.6931471805599453
129,1,0.6931471805599453
130,1,0.6931471805599453
131,1,0.6931471805599453
132,1,0.6931471805599453
133,1,0.6931471805599453
134,1,0.6931471805599453
135,1,0.6931471805599453
136,1,0.6931471805599453
137,1,0.6931471805599453
138,1,0.6931471805599453
139,1,0.6931471805599453
140,1,0.6931471805599453
141,1,0.6931471805599453
142,1,0.6931471805599453
143,1,0.6931471805599453
144,1,0.6931471805599453
145,1,0.6931471805599453
146,1,0.6931471805599453
147,1,0.6931471805599453
148,1,0.6931471805599453
149,1,0.6931471805599453
150,1,0.6931471805599453
151,1,0.6931471805599453
152,1,0.6931471805599453
153,1,0.6931471805599453
154,1,0.6931471805599453
155,1,0.6931471805599453
156,1,0.6931471805599453
157,1,0.6931471805599453
158,1,0.6931471805599453
159,1,0.6931471805599453
160,1,0.6931471805599453
161,1,0.6931471805599453
162,1,0.6931471805599453
163,1,0.6931471805599453
164,1,0.6931471805599453
165,1,0.6931471805599453
166,1,0.6931471805599453
167,1,0.6931471805599453
168,1,0.6931471805599453
169,1,0.6931471805599453
170,1,0.6931471805599453
171,1,0.6931471805599453
172,1,0.6931471805599453
173,1,0.6931471805599453
174,1,0.6931471805599453
175,1,0.6931471805599453
176,1,0.6931471805599453
177,1,0.6931471805599453
178,1,0.6931471805599453
179,1,0.6931471805599453
180,1,0.6931471805599453
181,1,0.6931471805599453
182,1,0.6931471805599453
183,1,0.6931471805599453
184,1,0.6931471805599453
185,1,0.6931471805599453
186,1,0.6931471805599453
187,1,0.6931471805599453
188,1,0.6931471805599453
189,1,0.6931471805599453
190,1,0.6931471805599453
191,1,0.6931471805599453
192,1,0.6931471805599453
193,1,0.6931471805599453
194,1,0.6931471805599453
195,1,0.6931471805599453
196,1,0.6931471805599453
197,1,0.6931471805599453
198,1,0.6931471805599453
199,1,0.6931471805599453
200,1,0.6931471805599453
201,1,0.6931471805599453
202,1,0.6931471805599453
203,1,0.6931471805599453
204,1,0.6931471805599453
205,1,0.6931471805599453
206,1,0.6931471805599453
207,65,4.189654742026425
208,26,3.295836866004329
209,2,1.0986122886681098
210,5,1.791759469228055
211,43,3.784189633918261
212,1,0.6931471805599453
213,2,1.0986122886681098
214,3,1.3862943611198906
215,1,0.6931471805599453
216,1,0.6931471805599453
217,1,0.6931471805599453
218,1,0.6931471805599453
219,1,0.6931471805599453
220,1,0.6931471805599453
221,1,0.6931471805599453
222,1,0.6931471805599453
223,1,0.6931471805599453
224,21,3.091042453358316
225,1,0.6931471805599453
226,1,0.6931471805599453
227,1,0.6931471805599453
228,1,0.6931471805599453
229,1,0.6931471805599453
230,1,0.6931471805599453
231,1,0.6931471805599453
232,1,0.6931471805599453
233,1,0.6931471805599453
234,1,0.6931471805599453
235,6,1.9459101490553132
236,1,0.6931471805599453
237,3,1.3862943611198906
238,1,0.6931471805599453
239,1,0.6931471805599453
240,7,2.0794415416798357
241,4,1.6094379124341003
242,4,1.6094379124341003
243,1,0.6931471805599453
244,1,0.6931471805599453
245,1,0.6931471805599453
246,3,1.3862943611198906
247,1,0.6931471805599453
248,1,0.6931471805599453
249,1,0.6931471805599453
250,1,0.6931471805599453
251,1,0.6931471805599453
252,1,0.6931471805599453
253,1,0.6931471805599453
254,1,0.6931471805599453
255,1,0.6931471805599453
256,1,0.6931471805599453
257,6,1.9459101490553132
258,1,0.6931471805599453
259,1,0.6931471805599453
260,1,0.6931471805599453
261,1,0.6931471805599453
262,1,0.6931471805599453
263,1,0.6931471805599453
264,1,0.6931471805599453
265,1,0.6931471805599453
266,1,0.6931471805599453
267,1,0.6931471805599453
268,2,1.0986122886681098
269,1,0.6931471805599453
270,1,0.6931471805599453
271,1,0.6931471805599453
272,1,0.6931471805599453
273,1,0.6931471805599453
274,1,0.6931471805599453
275,1,0.6931471805599453
276,1,0.6931471805599453
277,1,0.6931471805599453
278,1,0.6931471805599453
279,1,0.6931471805599453
280,1,0.6931471805599453
281,1,0.6931471805599453
282,4,1.6094379124341003
283,1,0.6931471805599453
284,7,2.0794415416798357
285,3,1.3862943611198906
286,1,0.6931471805599453
287,1,0.6931471805599453
288,1,0.6931471805599453
289,1,0.6931471805599453
290,1,0.6931471805599453
291,1,0.6931471805599453
292,2,1.0986122886681098
293,1,0.6931471805599453
294,1,0.6931471805599453
295,1,0.6931471805599453
296,1,0.6931471805599453
297,1,0.6931471805599453
298,1,0.6931471805599453
299,1,0.6931471805599453
300,1,0.6931471805599453
301,1,0.6931471805599453
302,1,0.6931471805599453
303,1,0.6931471805599453
304,1,0.6931471805599453
305,1,0.6931471805599453
306,1,0.6931471805599453
307,1,0.6931471805599453
308,1,0.6931471805599453
309,1,0.6931471805599453
310,1,0.6931471805599453
311,1,0.6931471805599453
312,1,0.6931471805599453
313,1,0.6931471805599453
314,1,0.6931471805599453
315,1,0.6931471805599453
316,1,0.6931471805599453
317,1,0.6931471805599453
318,1,0.6931471805599453
319,1,0.6931471805599453
320,1,0.6931471805599453
321,1,0.6931471805599453
322,1,0.6931471805599453
323,1,0.6931471805599453
324,1,0.6931471805599453
325,1,0.6931471805599453
326,1,0.6931471805599453
327,1,0.6931471805599453
328,1,0.6931471805599453
329,1,0.6931471805599453
330,1,0.6931471805599453
331,1,0.6931471805599453
332,1,0.6931471805599453
333,1,0.6931471805599453
334,1,0.6931471805599453
335,1,0.6931471805599453
336,1,0.6931471805599453
337,1,0.6931471805599453
338,1,0.6931471805599453
339,1,0.6931471805599453
340,2,1.0986122886681098
341,1,0.6931471805599453
342,1,0.6931471805599453
343,1,0.6931471805599453
344,2,1.0986122886681098
345,1,0.6931471805599453
346,1,0.6931471805599453
347,1,0.6931471805599453
348,1,0.6931471805599453
349,1,0.6931471805599453
350,1,0.6931471805599453
351,1,0.6931471805599453
352,1,0.6931471805599453
353,1,0.6931471805599453
354,1,0.6931471805599453
355,1,0.6931471805599453
356,1,0.6931471805599453
357,1,0.6931471805599453
358,1,0.6931471805599453
359,1,0.6931471805599453
360,1,0.6931471805599453
361,1,0.6931471805599453
362,1,0.6931471805599453
363,1,0.6931471805599453
364,1,0.6931471805599453
365,1,0.6931471805599453
366,1,0.6931471805599453
367,1,0.6931471805599453
368,1,0.6931471805599453
369,1,0.6931471805599453
370,1,0.6931471805599453
371,1,0.6931471805599453
372,1,0.6931471805599453
373,1,0.6931471805599453
374,1,0.6931471805599453
375,1,0.6931471805599453
376,1,0.6931471805599453
377,1,0.6931471805599453
378,1,0.6931471805599453
379,2,1.0986122886681098
380,1,0.6931471805599453
381,1,0.6931471805599453
382,1,0.6931471805599453
383,1,0.6931471805599453
384,1,0.6931471805599453
385,1,0.6931471805599453
386,1,0.6931471805599453
387,1,0.6931471805599453
388,1,0.6931471805599453
389,1,0.6931471805599453
390,1,0.6931471805599453
391,3,1.3862943611198906
392,1,0.6931471805599453
393,2,1.0986122886681098
394,36,3.6109179126442243
395,48,3.8918202981106265
396,1,0.6931471805599453
397,18,2.9444389791664403
398,28,3.367295829986474
399,10,2.3978952727983707
400,5,1.791759469228055
401,1,0.6931471805599453
402,16,2.833213344056216
403,39,3.6888794541139363
404,3,1.3862943611198906
405,2,1.0986122886681098
406,1,0.6931471805599453
407,1,0.6931471805599453
408,1,0.6931471805599453
409,1,0.6931471805599453
410,6,1.9459101490553132
411,1,0.6931471805599453
412,1,0.6931471805599453
413,1,0.6931471805599453
414,1,0.6931471805599453
415,1,0.6931471805599453
416,2,1.0986122886681098
417,1,0.6931471805599453
418,2,1.0986122886681098
419,2,1.0986122886681098
420,1,0.6931471805599453
421,1,0.6931471805599453
422,1,0.6931471805599453
423,1,0.6931471805599453
424,1,0.6931471805599453
425,1,0.6931471805599453
426,1,0.6931471805599453
427,1,0.6931471805599453
428,1,0.6931471805599453
429,1,0.6931471805599453
430,1,0.6931471805599453
431,2,1.0986122886681098
432,3,1.3862943611198906
433,1,0.6931471805599453
434,1,0.6931471805599453
435,1,0.6931471805599453
436,1,0.6931471805599453
437,1,0.6931471805599453
438,1,0.6931471805599453
439,1,0.6931471805599453
440,1,0.6931471805599453
441,1,0.6931471805599453
442,1,0.6931471805599453
443,1,0.6931471805599453
444,1,0.6931471805599453
445,1,0.6931471805599453
446,1,0.6931471805599453
447,1,0.6931471805599453
448,1,0.6931471805599453
449,1,0.6931471805599453
450,1,0.6931471805599453
451,1,0.6931471805599453
452,1,0.6931471805599453
453,1,0.6931471805599453
454,1,0.6931471805599453
455,1,0.6931471805599453
456,1,0.6931471805599453
457,1,0.6931471805599453
458,1,0.6931471805599453
459,1,0.6931471805599453
460,1,0.6931471805599453
461,1,0.6931471805599453
462,1,0.6931471805599453
463,1,0.6931471805599453
464,1,0.6931471805599453
465,1,0.6931471805599453
466,1,0.6931471805599453
467,1,0.6931471805599453
468,1,0.6931471805599453
469,1,0.6931471805599453
470,1,0.6931471805599453
471,1,0.6931471805599453
472,1,0.6931471805599453
473,1,0.6931471805599453
474,1,0.6931471805599453
475,1,0.6931471805599453
476,1,0.6931471805599453
477,1,0.6931471805599453
478,1,0.6931471805599453
479,1,0.6931471805599453
480,1,0.6931471805599453
481,1,0.6931471805599453
482,1,0.6931471805599453
483,1,0.6931471805599453
484,1,0.6931471805599453
485,1,0.6931471805599453
486,1,0.6931471805599453
487,1,0.6931471805599453
488,1,0.6931471805599453
489,1,0.6931471805599453
490,1,0.6931471805599453
491,1,0.6931471805599453
492,1,0.6931471805599453
493,1,0.6931471805599453
494,1,0.6931471805599453
495,1,0.6931471805599453
496,1,0.6931471805599453
497,1,0.6931471805599453
498,1,0.6931471805599453
499,1,0.6931471805599453
500,1,0.6931471805599453
501,1,0.6931471805599453
502,1,0.6931471805599453
503,1,0.6931471805599453
504,1,0.6931471805599453
505,1,0.6931471805599453
506,1,0.6931471805599453
507,1,0.6931471805599453
508,1,0.6931471805599453
509,1,0.6931471805599453
510,1,0.6931471805599453
511,1,0.6931471805599453
512,1,0.6931471805599453
513,1,0.6931471805599453
514,1,0.6931471805599453
515,1,0.6931471805599453
516,1,0.6931471805599453
517,1,0.6931471805599453
518,1,0.6931471805599453
519,1,0.6931471805599453
520,1,0.6931471805599453
521,1,0.6931471805599453
522,1,0.6931471805599453
523,1,0.6931471805599453
524,1,0.6931471805599453
525,2,1.0986122886681098
526,1,0.6931471805599453
527,1,0.6931471805599453
528,1,0.6931471805599453
529,1,0.6931471805599453
530,1,0.6931471805599453
531,1,0.6931471805599453
532,1,0.6931471805599453
533,1,0.6931471805599453
534,1,0.6931471805599453
535,1,0.6931471805599453
536,1,0.6931471805599453
537,2,1.0986122886681098
538,1,0.6931471805599453
539,1,0.6931471805599453
540,1,0.6931471805599453
541,1,0.6931471805599453
542,1,0.6931471805599453
543,1,0.6931471805599453
544,1,0.6931471805599453
545,1,0.6931471805599453
546,1,0.6931471805599453
547,1,0.6931471805599453
548,1,0.6931471805599453
549,1,0.6931471805599453
550,1,0.6931471805599453
551,2,1.0986122886681098
552,1,0.6931471805599453
553,1,0.6931471805599453
554,12,2.5649493574615367
555,1,0.6931471805599453
556,1,0.6931471805599453
557,1,0.6931471805599453
558,1,0.6931471805599453
559,1,0.6931471805599453
560,2,1.0986122886681098
561,1,0.6931471805599453
562,1,0.6931471805599453
563,1,0.6931471805599453
564,1,0.6931471805599453
565,1,0.6931471805599453
566,1,0.6931471805599453
567,1,0.6931471805599453
568,1,0.6931471805599453
569,1,0.6931471805599453
570,1,0.6931471805599453
571,1,0.6931471805599453
572,1,0.6931471805599453
573,1,0.6931471805599453
574,1,0.6931471805599453
575,1,0.6931471805599453
576,1,0.6931471805599453
577,1,0.6931471805599453
578,1,0.6931471805599453
579,1,0.6931471805599453
580,1,0.6931471805599453
581,1,0.6931471805599453
582,1,0.6931471805599453
583,1,0.6931471805599453
584,1,0.6931471805599453
585,1,0.6931471805599453
586,1,0.6931471805599453
587,1,0.6931471805599453
588,2,1.0986122886681098
589,1,0.6931471805599453
590,1,0.6931471805599453
591,1,0.6931471805599453
592,1,0.6931471805599453
593,1,0.6931471805599453
594,1,0.6931471805599453
595,6,1.9459101490553132
596,6,1.9459101490553132
597,1,0.6931471805599453
598,1,0.6931471805599453
599,1,0.6931471805599453
600,1,0.6931471805599453
601,1,0.6931471805599453
602,1,0.6931471805599453
603,1,0.6931471805599453
604,1,0.6931471805599453
605,1,0.6931471805599453
606,1,0.6931471805599453
607,1,0.6931471805599453
608,1,0.6931471805599453
609,1,0.6931471805599453
610,1,0.6931471805599453
611,1,0.6931471805599453
612,1,0.6931471805599453
613,1,0.6931471805599453
614,1,0.6931471805599453
615,1,0.6931471805599453
616,1,0.6931471805599453
617,1,0.6931471805599453
618,1,0.6931471805599453
619,1,0.6931471805599453
620,1,0.6931471805599453
621,1,0.6931471805599453
622,1,0.6931471805599453
623,6,1.9459101490553132
624,1,0.6931471805599453
625,9,2.302585092994046
626,8,2.1972245773362196
627,11,2.4849066497880004
628,57,4.060443010546419
629,21,3.091042453358316
630,16,2.833213344056216
631,5,1.791759469228055
632,10,2.3978952727983707
633,2,1.0986122886681098
634,40,3.713572066704308
635,40,3.713572066704308
636,6,1.9459101490553132
637,5,1.791759469228055
638,1,0.6931471805599453
639,6,1.9459101490553132
640,6,1.9459101490553132
641,4,1.6094379124341003
642,1,0.6931471805599453
643,2,1.0986122886681098
644,1,0.6931471805599453
645,3,1.3862943611198906
646,1,0.6931471805599453
647,3,1.3862943611198906
648,1,0.6931471805599453
649,1,0.6931471805599453
650,1,0.6931471805599453
651,1,0.6931471805599453
652,2,1.0986122886681098
653,2,1.0986122886681098
654,1,0.6931471805599453
655,2,1.0986122886681098
656,1,0.6931471805599453
657,1,0.6931471805599453
658,2,1.0986122886681098
659,1,0.6931471805599453
660,1,0.6931471805599453
661,1,0.6931471805599453
662,1,0.6931471805599453
663,1,0.6931471805599453
664,1,0.6931471805599453
665,2,1.0986122886681098
666,1,0.6931471805599453
667,1,0.6931471805599453
668,3,1.3862943611198906
669,2,1.0986122886681098
670,1,0.6931471805599453
671,1,0.6931471805599453
672,1,0.6931471805599453
673,2,1.0986122886681098
674,2,1.0986122886681098
675,1,0.6931471805599453
676,1,0.6931471805599453
677,1,0.6931471805599453
678,1,0.6931471805599453
679,1,0.6931471805599453
680,1,0.6931471805599453
681,1,0.6931471805599453
682,1,0.6931471805599453
683,1,0.6931471805599453
684,1,0.6931471805599453
685,1,0.6931471805599453
686,1,0.6931471805599453
687,1,0.6931471805599453
688,1,0.6931471805599453
689,1,0.6931471805599453
690,1,0.6931471805599453
691,2,1.0986122886681098
692,1,0.6931471805599453
693,1,0.6931471805599453
694,2,1.0986122886681098
695,1,0.6931471805599453
696,1,0.6931471805599453
697,1,0.6931471805599453
698,1,0.6931471805599453
699,1,0.6931471805599453
700,1,0.6931471805599453
701,2,1.0986122886681098
702,1,0.6931471805599453
703,1,0.6931471805599453
704,1,0.6931471805599453
705,1,0.6931471805599453
706,1,0.6931471805599453
707,1,0.6931471805599453
708,1,0.6931471805599453
709,1,0.6931471805599453
710,1,0.6931471805599453
711,1,0.6931471805599453
712,2,1.0986122886681098
713,31,3.4657359027997265
714,36,3.6109179126442243
715,8,2.1972245773362196
716,12,2.5649493574615367
717,18,2.9444389791664403
718,14,2.70805020110221
719,6,1.9459101490553132
720,4,1.6094379124341003
721,5,1.791759469228055
722,2,1.0986122886681098
723,1,0.6931471805599453
724,3,1.3862943611198906
725,2,1.0986122886681098
726,1,0.6931471805599453
727,1,0.6931471805599453
728,1,0.6931471805599453
729,2,1.0986122886681098
730,1,0.6931471805599453
731,1,0.6931471805599453
732,1,0.6931471805599453
733,1,0.6931471805599453
734,1,0.6931471805599453
735,1,0.6931471805599453
736,2,1.0986122886681098
737,1,0.6931471805599453
738,2,1.0986122886681098
739,1,0.6931471805599453
740,1,0.6931471805599453
741,3,1.3862943611198906
742,1,0.6931471805599453
743,1,0.6931471805599453
744,1,0.6931471805599453
745,1,0.6931471805599453
746,1,0.6931471805599453
747,1,0.6931471805599453
748,2,1.0986122886681098
749,1,0.6931471805599453
750,2,1.0986122886681098
751,2,1.0986122886681098
752,1,0.6931471805599453
753,1,0.6931471805599453
754,1,0.6931471805599453
755,1,0.6931471805599453
756,1,0.6931471805599453
757,1,0.6931471805599453
758,1,0.6931471805599453
759,1,0.6931471805599453
760,1,0.6931471805599453
761,1,0.6931471805599453
762,2,1.0986122886681098
763,1,0.6931471805599453
764,1,0.6931471805599453
765,1,0.6931471805599453
766,1,0.6931471805599453
767,2,1.0986122886681098
768,1,0.6931471805599453
769,1,0.6931471805599453
770,1,0.6931471805599453
771,1,0.6931471805599453
772,1,0.6931471805599453
773,1,0.6931471805599453
774,1,0.6931471805599453
775,1,0.6931471805599453
776,1,0.6931471805599453
777,1,0.6931471805599453
778,1,0.6931471805599453
779,1,0.6931471805599453
780,1,0.6931471805599453
781,1,0.6931471805599453
782,1,0.6931471805599453
783,1,0.6931471805599453
784,1,0.6931471805599453
785,1,0.6931471805599453
786,1,0.6931471805599453
787,1,0.6931471805599453
788,1,0.6931471805599453
789,1,0.6931471805599453
790,1,0.6931471805599453
791,1,0.6931471805599453
792,1,0.6931471805599453
793,1,0.6931471805599453
794,1,0.6931471805599453
795,1,0.6931471805599453
796,1,0.6931471805599453
797,1,0.6931471805599453
798,1,0.6931471805599453
799,1,0.6931471805599453
800,1,0.6931471805599453
801,1,0.6931471805599453
802,1,0.6931471805599453
803,1,0.6931471805599453
804,1,0.6931471805599453
805,1,0.6931471805599453
806,1,0.6931471805599453
807,1,0.6931471805599453
808,1,0.6931471805599453
809,1,0.6931471805599453
810,1,0.6931471805599453
811,1,0.6931471805599453
812,1,0.6931471805599453
813,1,0.6931471805599453
814,1,0.6931471805599453
815,1,0.6931471805599453
816,1,0.6931471805599453
817,1,0.6931471805599453
818,1,0.6931471805599453
819,1,0.6931471805599453
820,1,0.6931471805599453
821,1,0.6931471805599453
822,1,0.6931471805599453
823,1,0.6931471805599453
824,1,0.6931471805599453
825,1,0.6931471805599453
826,1,0.6931471805599453
827,1,0.6931471805599453
828,1,0.6931471805599453
829,1,0.6931471805599453
830,1,0.6931471805599453
831,1,0.6931471805599453
832,1,0.6931471805599453
833,1,0.6931471805599453
834,1,0.6931471805599453
835,1,0.6931471805599453
836,1,0.6931471805599453
837,1,0.6931471805599453
838,1,0.6931471805599453
839,1,0.6931471805599453
840,1,0.6931471805599453
841,1,0.6931471805599453
842,1,0.6931471805599453
843,1,0.6931471805599453
844,1,0.6931471805599453
845,1,0.6931471805599453
846,1,0.6931471805599453
847,1,0.6931471805599453
848,1,0.6931471805599453
849,1,0.6931471805599453
850,1,0.6931471805599453
851,1,0.6931471805599453
852,1,0.6931471805599453
853,1,0.6931471805599453
854,1,0.6931471805599453
855,1,0.6931471805599453
856,1,0.6931471805599453
857,1,0.6931471805599453
858,1,0.6931471805599453
859,1,0.6931471805599453
860,1,0.6931471805599453
861,1,0.6931471805599453
862,1,0.6931471805599453
863,1,0.6931471805599453
864,1,0.6931471805599453
865,1,0.6931471805599453
866,1,0.6931471805599453
867,1,0.6931471805599453
868,1,0.6931471805599453
869,1,0.6931471805599453
870,1,0.6931471805599453
871,1,0.6931471805599453
872,1,0.6931471805599453
873,1,0.6931471805599453
874,1,0.6931471805599453
875,1,0.6931471805599453
876,1,0.6931471805599453
877,1,0.6931471805599453
878,2,1.0986122886681098
879,1,0.6931471805599453
880,1,0.6931471805599453
881,1,0.6931471805599453
882,1,0.6931471805599453
883,1,0.6931471805599453
884,1,0.6931471805599453
885,1,0.6931471805599453
886,1,0.6931471805599453
887,1,0.6931471805599453
888,1,0.6931471805599453
889,1,0.6931471805599453
890,2,1.0986122886681098
891,1,0.6931471805599453
892,1,0.6931471805599453
893,1,0.6931471805599453
894,1,0.6931471805599453
895,1,0.6931471805599453
896,1,0.6931471805599453
897,1,0.6931471805599453
898,1,0.6931471805599453
899,1,0.6931471805599453
900,1,0.6931471805599453
901,1,0.6931471805599453
902,1,0.6931471805599453
903,1,0.6931471805599453
904,1,0.6931471805599453
905,1,0.6931471805599453
906,1,0.6931471805599453
907,1,0.6931471805599453
908,1,0.6931471805599453
909,1,0.6931471805599453
910,1,0.6931471805599453
911,1,0.6931471805599453
912,1,0.6931471805599453
913,1,0.6931471805599453
914,1,0.6931471805599453
915,1,0.6931471805599453
916,1,0.6931471805599453
917,1,0.6931471805599453
918,1,0.6931471805599453
919,1,0.6931471805599453
920,1,0.6931471805599453
921,1,0.6931471805599453
922,1,0.6931471805599453
923,1,0.6931471805599453
924,1,0.6931471805599453
925,1,0.6931471805599453
926,1,0.6931471805599453
927,1,0.6931471805599453
928,1,0.6931471805599453
929,1,0.6931471805599453
930,1,0.6931471805599453
931,1,0.6931471805599453
932,1,0.6931471805599453
933,1,0.6931471805599453
934,1,0.6931471805599453
935,1,0.6931471805599453
936,1,0.6931471805599453
937,1,0.6931471805599453
938,1,0.6931471805599453
939,1,0.6931471805599453
940,1,0.6931471805599453
941,1,0.6931471805599453
942,1,0.6931471805599453
943,1,0.6931471805599453
944,1,0.6931471805599453
945,1,0.6931471805599453
946,1,0.6931471805599453
947,1,0.6931471805599453
948,1,0.6931471805599453
949,1,0.6931471805599453
950,1,0.6931471805599453
951,1,0.6931471805599453
952,1,0.6931471805599453
953,1,0.6931471805599453
954,1,0.6931471805599453
955,1,0.6931471805599453
956,1,0.6931471805599453
957,1,0.6931471805599453
958,1,0.6931471805599453
959,1,0.6931471805599453
960,1,0.6931471805599453
961,1,0.6931471805599453
962,1,0.6931471805599453
963,1,0.6931471805599453
964,1,0.6931471805599453
965,1,0.6931471805599453
966,1,0.6931471805599453
967,1,0.6931471805599453
968,1,0.6931471805599453
969,1,0.6931471805599453
970,1,0.6931471805599453
971,1,0.6931471805599453
972,1,0.6931471805599453
973,1,0.6931471805599453
974,1,0.6931471805599453
975,1,0.6931471805599453
976,1,0.6931471805599453
977,1,0.6931471805599453
978,1,0.6931471805599453
979,1,0.6931471805599453
980,1,0.6931471805599453
981,1,0.6931471805599453
982,1,0.6931471805599453
983,1,0.6931471805599453
984,1,0.6931471805599453
985,1,0.6931471805599453
986,1,0.6931471805599453
987,1,0.6931471805599453
988,1,0.6931471805599453
989,1,0.6931471805599453
990,1,0.6931471805599453
991,1,0.6931471805599453
992,1,0.6931471805599453
993,1,0.6931471805599453
994,1,0.6931471805599453
995,1,0.6931471805599453
996,1,0.6931471805599453
997,1,0.6931471805599453
998,1,0.6931471805599453
999,1,0.6931471805599453
1000,1,0.6931471805599453
1001,1,0.6931471805599453
1002,1,0.6931471805599453
1003,1,0.6931471805599453
1004,1,0.6931471805599453
1005,1,0.6931471805599453
1006,1,0.6931471805599453
1007,1,0.6931471805599453
1008,1,0.6931471805599453
1009,1,0.6931471805599453
1010,1,0.6931471805599453
1011,1,0.6931471805599453
1012,1,0.6931471805599453
1013,1,0.6931471805599453
1014,1,0.6931471805599453
1015,1,0.6931471805599453
1016,1,0.6931471805599453
1017,1,0.6931471805599453
1018,1,0.6931471805599453
1019,1,0.6931471805599453
1020,1,0.6931471805599453
1021,1,0.6931471805599453
1022,1,0.6931471805599453
1023,1,0.6931471805599453
1024,1,0.6931471805599453
1025,1,0.6931471805599453
1026,1,0.6931471805599453
1027,1,0.6931471805599453
1028,1,0.6931471805599453
1029,1,0.6931471805599453
1030,1,0.6931471805599453
1031,1,0.6931471805599453
1032,1,0.6931471805599453
1033,1,0.6931471805599453
1034,1,0.6931471805599453
1035,1,0.6931471805599453
1036,1,0.6931471805599453
1037,1,0.6931471805599453
1038,1,0.6931471805599453
1039,1,0.6931471805599453
1040,1,0.6931471805599453
1041,1,0.6931471805599453
1042,1,0.6931471805599453
1043,1,0.6931471805599453
1044,1,0.6931471805599453
1045,1,0.6931471805599453
1046,1,0.6931471805599453
1047,1,0.6931471805599453
1048,1,0.6931471805599453
1049,1,0.6931471805599453
1050,1,0.6931471805599453
1051,1,0.6931471805599453
1052,1,0.6931471805599453
1053,1,0.6931471805599453
1054,1,0.6931471805599453
1055,1,0.6931471805599453
1056,1,0.6931471805599453
1057,1,0.6931471805599453
1058,1,0.6931471805599453
1059,1,0.6931471805599453
1060,1,0.6931471805599453
1061,1,0.6931471805599453
1062,1,0.6931471805599453
1063,1,0.6931471805599453
1064,1,0.6931471805599453
1065,1,0.6931471805599453
1066,1,0.6931471805599453
1067,1,0.6931471805599453
1068,1,0.6931471805599453
1069,1,0.6931471805599453
1070,1,0.6931471805599453
1071,1,0.6931471805599453
1072,1,0.6931471805599453
1073,1,0.6931471805599453
1074,1,0.6931471805599453
1075,1,0.6931471805599453
1076,1,0.6931471805599453
1077,1,0.6931471805599453
1078,1,0.6931471805599453
1079,1,0.6931471805599453
1080,1,0.6931471805599453
1081,1,0.6931471805599453
1082,1,0.6931471805599453
1083,1,0.6931471805599453
1084,1,0.6931471805599453
1085,1,0.6931471805599453
1086,1,0.6931471805599453
1087,1,0.6931471805599453
1088,9,2.302585092994046
1089,1,0.6931471805599453
1090,9,2.302585092994046
1091,1,0.6931471805599453
1092,1,0.6931471805599453
1093,1,0.6931471805599453
1094,1,0.6931471805599453
1095,1,0.6931471805599453
1096,1,0.6931471805599453
1097,1,0.6931471805599453
1098,1,0.6931471805599453
1099,1,0.6931471805599453
1100,1,0.6931471805599453
1101,1,0.6931471805599453
1102,1,0.6931471805599453
1103,1,0.6931471805599453
1104,1,0.6931471805599453
1105,1,0.6931471805599453
1106,1,0.6931471805599453
1107,1,0.6931471805599453
1108,1,0.6931471805599453
1109,1,0.6931471805599453
1110,1,0.6931471805599453
1111,1,0.6931471805599453
1112,1,0.6931471805599453
1113,1,0.6931471805599453
1114,1,0.6931471805599453
1115,1,0.6931471805599453
1116,1,0.6931471805599453
1117,1,0.6931471805599453
1118,1,0.6931471805599453
1119,1,0.6931471805599453
1120,1,0.6931471805599453
1121,1,0.6931471805599453
1122,1,0.6931471805599453
1123,1,0.6931471805599453
1124,1,0.6931471805599453
1125,2,1.0986122886681098
1126,1,0.6931471805599453
1127,1,0.6931471805599453
1128,1,0.6931471805599453
1129,2,1.0986122886681098
1130,1,0.6931471805599453
1131,1,0.6931471805599453
1132,1,0.6931471805599453
1133,1,0.6931471805599453
1134,1,0.6931471805599453
1135,1,0.6931471805599453
1136,1,0.6931471805599453
1137,1,0.6931471805599453
1138,1,0.6931471805599453
1139,1,0.6931471805599453
1140,1,0.6931471805599453
1141,1,0.6931471805599453
1142,1,0.6931471805599453
1143,3,1.3862943611198906
1144,1,0.6931471805599453
1145,1,0.6931471805599453
1146,1,0.6931471805599453
1147,1,0.6931471805599453
1148,1,0.6931471805599453
1149,1,0.6931471805599453
1150,1,0.6931471805599453
1151,1,0.6931471805599453
1152,1,0.6931471805599453
1153,1,0.6931471805599453
1154,1,0.6931471805599453
1155,1,0.6931471805599453
1156,1,0.6931471805599453
1157,1,0.6931471805599453
1158,2,1.0986122886681098
1159,1,0.6931471805599453
1160,1,0.6931471805599453
1161,5,1.791759469228055
1162,1,0.6931471805599453
1163,1,0.6931471805599453
1164,2,1.0986122886681098
1165,11,2.4849066497880004
1166,16,2.833213344056216
1167,1,0.6931471805599453
1168,4,1.6094379124341003
1169,40,3.713572066704308
1170,4,1.6094379124341003
1171,2,1.0986122886681098
1172,1,0.6931471805599453
1173,3,1.3862943611198906
1174,3,1.3862943611198906
1175,1,0.6931471805599453
1176,1,0.6931471805599453
1177,1,0.6931471805599453
1178,1,0.6931471805599453
1179,1,0.6931471805599453
1180,2,1.0986122886681098
1181,2,1.0986122886681098
1182,3,1.3862943611198906
1183,1,0.6931471805599453
1184,1,0.6931471805599453
1185,1,0.6931471805599453
1186,1,0.6931471805599453
1187,1,0.6931471805599453
1188,1,0.6931471805599453
1189,1,0.6931471805599453
1190,1,0.6931471805599453
1191,1,0.6931471805599453
1192,1,0.6931471805599453
1193,1,0.6931471805599453
1194,1,0.6931471805599453
1195,1,0.6931471805599453
1196,1,0.6931471805599453
1197,1,0.6931471805599453
1198,1,0.6931471805599453
1199,1,0.6931471805599453
1200,1,0.6931471805599453
1201,1,0.6931471805599453
1202,1,0.6931471805599453
1203,1,0.6931471805599453
1204,1,0.6931471805599453
1205,1,0.6931471805599453
1206,1,0.6931471805599453
1207,1,0.6931471805599453
1208,1,0.6931471805599453
1209,1,0.6931471805599453
1210,1,0.6931471805599453
1211,1,0.6931471805599453
1212,1,0.6931471805599453
1213,1,0.6931471805599453
1214,1,0.6931471805599453
1215,1,0.6931471805599453
1216,1,0.6931471805599453
1217,1,0.6931471805599453
1218,1,0.6931471805599453
1219,1,0.6931471805599453
1220,1,0.6931471805599453
1221,1,0.6931471805599453
1222,1,0.6931471805599453
1223,1,0.6931471805599453
1224,1,0.6931471805599453
1225,1,0.6931471805599453
1226,1,0.6931471805599453
1227,1,0.6931471805599453
1228,1,0.6931471805599453
1229,1,0.6931471805599453
1230,1,0.6931471805599453
1231,1,0.6931471805599453
1232,1,0.6931471805599453
1233,1,0.6931471805599453
1234,1,0.6931471805599453
1235,1,0.6931471805599453
1236,1,0.6931471805599453
1237,1,0.6931471805599453
1238,1,0.6931471805599453
1239,1,0.6931471805599453
1240,1,0.6931471805599453
1241,1,0.6931471805599453
1242,1,0.6931471805599453
1243,1,0.6931471805599453
1244,1,0.6931471805599453
1245,1,0.6931471805599453
1246,1,0.6931471805599453
1247,1,0.6931471805599453
1248,1,0.6931471805599453
1249,1,0.6931471805599453
1250,1,0.6931471805599453
1251,1,0.6931471805599453
1252,1,0.6931471805599453
1253,1,0.6931471805599453
1254,1,0.6931471805599453
1255,1,0.6931471805599453
1256,1,0.6931471805599453
1257,1,0.6931471805599453
1258,1,0.6931471805599453
1259,1,0.6931471805599453
1260,1,0.6931471805599453
1261,1,0.6931471805599453
1262,1,0.6931471805599453
1263,1,0.6931471805599453
1264,1,0.6931471805599453
1265,1,0.6931471805599453
1266,1,0.6931471805599453
1267,1,0.6931471805599453
1268,1,0.6931471805599453
1269,1,0.6931471805599453
1270,1,0.6931471805599453
1271,1,0.6931471805599453
1272,1,0.6931471805599453
1273,1,0.6931471805599453
1274,1,0.6931471805599453
1275,1,0.6931471805599453
1276,1,0.6931471805599453
1277,1,0.6931471805599453
1278,1,0.6931471805599453
1279,1,0.6931471805599453
1280,1,0.6931471805599453
1281,1,0.6931471805599453
1282,1,0.6931471805599453
1283,1,0.6931471805599453
1284,1,0.6931471805599453
1285,1,0.6931471805599453
1286,1,0.6931471805599453
1287,1,0.6931471805599453
1288,1,0.6931471805599453
1289,1,0.6931471805599453
1290,1,0.6931471805599453
1291,1,0.6931471805599453
1292,1,0.6931471805599453
1293,1,0.6931471805599453
1294,1,0.6931471805599453
1295,1,0.6931471805599453
1296,1,0.6931471805599453
1297,1,0.6931471805599453
1298,1,0.6931471805599453
1299,1,0.6931471805599453
1300,1,0.6931471805599453
1301,1,0.6931471805599453
1302,1,0.6931471805599453
1303,1,0.6931471805599453
1304,1,0.6931471805599453
1305,1,0.6931471805599453
1306,1,0.6931471805599453
1307,1,0.6931471805599453
1308,1,0.6931471805599453
1309,1,0.6931471805599453
1310,1,0.6931471805599453
1311,1,0.6931471805599453
1312,1,0.6931471805599453
1313,1,0.6931471805599453
1314,1,0.6931471805599453
1315,1,0.6931471805599453
1316,1,0.6931471805599453
1317,1,0.6931471805599453
1318,1,0.6931471805599453
1319,1,0.6931471805599453
1320,1,0.6931471805599453
1321,2,1.0986122886681098
1322,1,0.6931471805599453
1323,4,1.6094379124341003
1324,1,0.6931471805599453
1325,1,0.6931471805599453
1326,1,0.6931471805599453
1327,1,0.6931471805599453
1328,1,0.6931471805599453
1329,1,0.6931471805599453
1330,1,0.6931471805599453
1331,1,0.6931471805599453
1332,1,0.6931471805599453
1333,1,0.6931471805599453
1334,1,0.6931471805599453
1335,1,0.6931471805599453
1336,1,0.6931471805599453
1337,1,0.6931471805599453
1338,1,0.6931471805599453
1339,1,0.6931471805599453
1340,1,0.6931471805599453
1341,1,0.6931471805599453
1342,1,0.6931471805599453
1343,1,0.6931471805599453
1344,1,0.6931471805599453
1345,1,0.6931471805599453
1346,1,0.6931471805599453
1347,1,0.6931471805599453
1348,1,0.6931471805599453
1349,1,0.6931471805599453
1350,1,0.6931471805599453
1351,1,0.6931471805599453
1352,2,1.0986122886681098
1353,1,0.6931471805599453
1354,8,2.1972245773362196
1355,6,1.9459101490553132
1356,1,0.6931471805599453
1357,6,1.9459101490553132
1358,3,1.3862943611198906
1359,1,0.6931471805599453
1360,1,0.6931471805599453
1361,1,0.6931471805599453
1362,1,0.6931471805599453
1363,1,0.6931471805599453
1364,1,0.6931471805599453
1365,1,0.6931471805599453
1366,1,0.6931471805599453
1367,1,0.6931471805599453
1368,1,0.6931471805599453
1369,1,0.6931471805599453
1370,1,0.6931471805599453
1371,1,0.6931471805599453
1372,1,0.6931471805599453
1373,1,0.6931471805599453
1374,1,0.6931471805599453
1375,1,0.6931471805599453
1376,1,0.6931471805599453
1377,3,1.3862943611198906
1378,1,0.6931471805599453
1379,2,1.0986122886681098
1380,3,1.3862943611198906
1381,1,0.6931471805599453
1382,1,0.6931471805599453
1383,1,0.6931471805599453
1384,1,0.6931471805599453
1385,1,0.6931471805599453
1386,1,0.6931471805599453
1387,1,0.6931471805599453
1388,1,0.6931471805599453
1389,1,0.6931471805599453
1390,1,0.6931471805599453
1391,1,0.6931471805599453
1392,1,0.6931471805599453
1393,1,0.6931471805599453
1394,1,0.6931471805599453
1395,1,0.6931471805599453
1396,1,0.6931471805599453
1397,1,0.6931471805599453
1398,1,0.6931471805599453
1399,1,0.6931471805599453
1400,1,0.6931471805599453
1401,1,0.6931471805599453
1402,1,0.6931471805599453
1403,1,0.6931471805599453
1404,1,0.6931471805599453
1405,1,0.6931471805599453
1406,1,0.6931471805599453
1407,1,0.6931471805599453
1408,1,0.6931471805599453
1409,1,0.6931471805599453
1410,1,0.6931471805599453
1411,1,0.6931471805599453
1412,1,0.6931471805599453
1413,1,0.6931471805599453
1414,1,0.6931471805599453
1415,1,0.6931471805599453
1416,1,0.6931471805599453
1417,1,0.6931471805599453
1418,1,0.6931471805599453
1419,1,0.6931471805599453
1420,1,0.6931471805599453
1421,1,0.6931471805599453
1422,1,0.6931471805599453
1423,1,0.6931471805599453
1424,1,0.6931471805599453
1425,1,0.6931471805599453
1426,1,0.6931471805599453
1427,1,0.6931471805599453
1428,1,0.6931471805599453
1429,1,0.6931471805599453
1430,1,0.6931471805599453
1431,1,0.6931471805599453
1432,1,0.6931471805599453
1433,1,0.6931471805599453
1434,1,0.6931471805599453
1435,1,0.6931471805599453
1436,1,0.6931471805599453
1437,1,0.6931471805599453
1438,1,0.6931471805599453
1439,1,0.6931471805599453
1440,1,0.6931471805599453
1441,1,0.6931471805599453
1442,1,0.6931471805599453
1443,1,0.6931471805599453
