dataset,experiment,model,train_rmse,validation_rmse,train_mae,validation_mae,train_top1_rmse,validation_top1_rmse,train_top1_mae,validation_top1_mae,test_mae,test_rmse,test_top1_mae,test_top1_rmse,approach,dataset_group,p,p_num
,dataset1_ensemble,,,,,,,,,,0.017,0.105,0.758,0.883,Average,dataset1,p0,0
,dataset1_ensemble,,,,,,,,,,0.022,0.103,0.728,0.846,Average,dataset1,p5,1
,dataset1_ensemble,,,,,,,,,,0.019,0.101,0.71,0.832,Average,dataset1,p10,2
,dataset1_ensemble,,,,,,,,,,0.026,0.093,0.561,0.692,Average,dataset1,p15,3
,dataset1_ensemble,,,,,,,,,,0.028,0.101,0.686,0.806,Average,dataset1,p20,4
,dataset1_ensemble,,,,,,,,,,0.022,0.114,0.821,0.943,Average,dataset1,p25,5
,dataset1_ensemble,,,,,,,,,,0.024,0.116,0.846,0.961,Average,dataset1,p30,6
,dataset1_ensemble,,,,,,,,,,0.023,0.106,0.658,0.81,Average,dataset1,p35,7
,dataset1_ensemble,,,,,,,,,,0.024,0.111,0.703,0.853,Average,dataset1,p40,8
dataset1_baseline,dataset1_temporal_train_04a_specs,Gradient Boosting (tuned),0.06,0.083,0.01,0.015,0.42,0.592,0.313,0.48,0.012,0.07,0.366,0.451,Centrality,dataset1,p0,0
dataset1_p5,dataset1_temporal_train_04a_specs,Gradient Boosting (tuned),0.062,0.083,0.01,0.015,0.426,0.578,0.317,0.475,0.012,0.069,0.351,0.431,Centrality,dataset1,p5,1
dataset1_p10,dataset1_temporal_train_04a_specs,Gradient Boosting (tuned),0.06,0.084,0.01,0.015,0.41,0.563,0.299,0.462,0.013,0.07,0.359,0.439,Centrality,dataset1,p10,2
dataset1_p15,dataset1_temporal_train_04a_specs,Gradient Boosting (tuned),0.061,0.086,0.01,0.016,0.406,0.569,0.294,0.471,0.013,0.071,0.36,0.445,Centrality,dataset1,p15,3
dataset1_p20,dataset1_temporal_train_04a_specs,Gradient Boosting (tuned),0.066,0.084,0.011,0.016,0.433,0.536,0.319,0.447,0.013,0.07,0.349,0.426,Centrality,dataset1,p20,4
dataset1_p25,dataset1_temporal_train_04a_specs,Gradient Boosting (tuned),0.065,0.084,0.011,0.017,0.428,0.516,0.307,0.421,0.013,0.07,0.34,0.413,Centrality,dataset1,p25,5
dataset1_p30,dataset1_temporal_train_04a_specs,Gradient Boosting (tuned),0.065,0.083,0.012,0.017,0.413,0.495,0.299,0.405,0.014,0.071,0.313,0.383,Centrality,dataset1,p30,6
dataset1_p35,dataset1_temporal_train_04a_specs,Gradient Boosting (tuned),0.068,0.083,0.012,0.017,0.431,0.483,0.309,0.396,0.014,0.073,0.326,0.398,Centrality,dataset1,p35,7
dataset1_p40,dataset1_temporal_train_04a_specs,Gradient Boosting (tuned),0.07,0.082,0.013,0.017,0.439,0.468,0.308,0.378,0.015,0.074,0.308,0.379,Centrality,dataset1,p40,8
dataset1_baseline,dataset1_temporal_train_05a_specs,MLP (tuned),0.101,0.15,0.016,0.024,0.834,1.246,0.654,1.059,0.025,0.169,1.31,1.521,Embeddings,dataset1,p0,0
dataset1_p5,dataset1_temporal_train_05a_specs,MLP (tuned),0.094,0.161,0.028,0.039,0.703,1.327,0.562,1.166,0.036,0.169,1.276,1.485,Embeddings,dataset1,p5,1
dataset1_p10,dataset1_temporal_train_05a_specs,MLP (tuned),0.103,0.158,0.022,0.03,0.761,1.304,0.579,1.149,0.029,0.165,1.235,1.464,Embeddings,dataset1,p10,2
dataset1_p15,dataset1_temporal_train_05a_specs,MLP (tuned),0.112,0.134,0.038,0.041,0.754,0.997,0.558,0.786,0.042,0.151,0.903,1.211,Embeddings,dataset1,p15,3
dataset1_p20,dataset1_temporal_train_05a_specs,MLP (tuned),0.121,0.173,0.037,0.047,0.954,1.431,0.751,1.221,0.046,0.171,1.21,1.458,Embeddings,dataset1,p20,4
dataset1_p25,dataset1_temporal_train_05a_specs,MLP (tuned),0.109,0.213,0.023,0.039,0.773,1.814,0.613,1.6,0.034,0.196,1.518,1.727,Embeddings,dataset1,p25,5
dataset1_p30,dataset1_temporal_train_05a_specs,MLP (tuned),0.116,0.185,0.028,0.039,0.86,1.512,0.694,1.364,0.039,0.202,1.576,1.784,Embeddings,dataset1,p30,6
dataset1_p35,dataset1_temporal_train_05a_specs,MLP (tuned),0.12,0.169,0.03,0.037,0.784,1.302,0.605,1.035,0.037,0.181,1.201,1.506,Embeddings,dataset1,p35,7
dataset1_p40,dataset1_temporal_train_05a_specs,MLP (tuned),0.122,0.169,0.029,0.038,0.809,1.234,0.632,1.098,0.038,0.19,1.301,1.577,Embeddings,dataset1,p40,8
,dataset1_ensemble,,,,,,,,,,0.014,0.07,0.348,0.428,Stacked,dataset1,p0,0
,dataset1_ensemble,,,,,,,,,,0.014,0.073,0.362,0.444,Stacked,dataset1,p5,1
,dataset1_ensemble,,,,,,,,,,0.014,0.069,0.323,0.408,Stacked,dataset1,p10,2
,dataset1_ensemble,,,,,,,,,,0.015,0.073,0.363,0.445,Stacked,dataset1,p15,3
,dataset1_ensemble,,,,,,,,,,0.015,0.072,0.334,0.412,Stacked,dataset1,p20,4
,dataset1_ensemble,,,,,,,,,,0.015,0.074,0.364,0.446,Stacked,dataset1,p25,5
,dataset1_ensemble,,,,,,,,,,0.015,0.071,0.297,0.369,Stacked,dataset1,p30,6
,dataset1_ensemble,,,,,,,,,,0.016,0.075,0.329,0.409,Stacked,dataset1,p35,7
,dataset1_ensemble,,,,,,,,,,0.016,0.077,0.314,0.398,Stacked,dataset1,p40,8
,dataset_2_ensemble,,,,,,,,,,0.053,0.162,,,Average,dataset2,p0,0
,dataset_2_ensemble,,,,,,,,,,0.058,0.168,,,Average,dataset2,p5,1
,dataset_2_ensemble,,,,,,,,,,0.062,0.181,,,Average,dataset2,p10,2
,dataset_2_ensemble,,,,,,,,,,0.062,0.184,,,Average,dataset2,p15,3
,dataset_2_ensemble,,,,,,,,,,0.062,0.184,,,Average,dataset2,p20,4
,dataset_2_ensemble,,,,,,,,,,0.068,0.16,,,Average,dataset2,p25,5
,dataset_2_ensemble,,,,,,,,,,0.075,0.187,,,Average,dataset2,p30,6
,dataset_2_ensemble,,,,,,,,,,0.07,0.198,,,Average,dataset2,p35,7
,dataset_2_ensemble,,,,,,,,,,0.071,0.227,,,Average,dataset2,p40,8
,dataset_2_centrality_threshold,,,,,,,,,,0.054,0.164,,,Centrality,dataset2,p0,0
,dataset_2_centrality_threshold,,,,,,,,,,0.059,0.173,,,Centrality,dataset2,p5,1
,dataset_2_centrality_threshold,,,,,,,,,,0.056,0.18,,,Centrality,dataset2,p10,2
,dataset_2_centrality_threshold,,,,,,,,,,0.059,0.19,,,Centrality,dataset2,p15,3
,dataset_2_centrality_threshold,,,,,,,,,,0.066,0.202,,,Centrality,dataset2,p20,4
,dataset_2_centrality_threshold,,,,,,,,,,0.07,0.186,,,Centrality,dataset2,p25,5
,dataset_2_centrality_threshold,,,,,,,,,,0.072,0.201,,,Centrality,dataset2,p30,6
,dataset_2_centrality_threshold,,,,,,,,,,0.07,0.206,,,Centrality,dataset2,p35,7
,dataset_2_centrality_threshold,,,,,,,,,,0.065,0.223,,,Centrality,dataset2,p40,8
,dataset_2_embedding_threshold,,,,,,,,,,0.06,0.167,,,Embeddings,dataset2,p0,0
,dataset_2_embedding_threshold,,,,,,,,,,0.067,0.171,,,Embeddings,dataset2,p5,1
,dataset_2_embedding_threshold,,,,,,,,,,0.075,0.207,,,Embeddings,dataset2,p10,2
,dataset_2_embedding_threshold,,,,,,,,,,0.073,0.174,,,Embeddings,dataset2,p15,3
,dataset_2_embedding_threshold,,,,,,,,,,0.07,0.18,,,Embeddings,dataset2,p20,4
,dataset_2_embedding_threshold,,,,,,,,,,0.08,0.166,,,Embeddings,dataset2,p25,5
,dataset_2_embedding_threshold,,,,,,,,,,0.095,0.193,,,Embeddings,dataset2,p30,6
,dataset_2_embedding_threshold,,,,,,,,,,0.082,0.22,,,Embeddings,dataset2,p35,7
,dataset_2_embedding_threshold,,,,,,,,,,0.094,0.258,,,Embeddings,dataset2,p40,8
,dataset_2_ensemble,,,,,,,,,,0.055,0.164,,,Stacked,dataset2,p0,0
,dataset_2_ensemble,,,,,,,,,,0.06,0.169,,,Stacked,dataset2,p5,1
,dataset_2_ensemble,,,,,,,,,,0.073,0.189,,,Stacked,dataset2,p10,2
,dataset_2_ensemble,,,,,,,,,,0.075,0.193,,,Stacked,dataset2,p15,3
,dataset_2_ensemble,,,,,,,,,,0.072,0.182,,,Stacked,dataset2,p20,4
,dataset_2_ensemble,,,,,,,,,,0.068,0.157,,,Stacked,dataset2,p25,5
,dataset_2_ensemble,,,,,,,,,,0.077,0.178,,,Stacked,dataset2,p30,6
,dataset_2_ensemble,,,,,,,,,,0.085,0.239,,,Stacked,dataset2,p35,7
,dataset_2_ensemble,,,,,,,,,,0.084,0.245,,,Stacked,dataset2,p40,8
,dataset_3_ensemble,,,,,,,,,,0.264,0.435,,,Average,dataset3,p0,0
,dataset_3_ensemble,,,,,,,,,,0.263,0.424,,,Average,dataset3,p5,1
,dataset_3_ensemble,,,,,,,,,,0.263,0.424,,,Average,dataset3,p10,2
,dataset_3_ensemble,,,,,,,,,,0.263,0.424,,,Average,dataset3,p15,3
,dataset_3_ensemble,,,,,,,,,,0.27,0.446,,,Average,dataset3,p20,4
,dataset_3_ensemble,,,,,,,,,,0.27,0.446,,,Average,dataset3,p25,5
,dataset_3_ensemble,,,,,,,,,,0.27,0.446,,,Average,dataset3,p30,6
,dataset_3_ensemble,,,,,,,,,,0.27,0.446,,,Average,dataset3,p35,7
,dataset_3_ensemble,,,,,,,,,,0.27,0.446,,,Average,dataset3,p40,8
,dataset_3_centrality_threshold,,,,,,,,,,0.145,0.329,,,Centrality,dataset3,p0,0
,dataset_3_centrality_threshold,,,,,,,,,,0.13,0.294,,,Centrality,dataset3,p5,1
,dataset_3_centrality_threshold,,,,,,,,,,0.13,0.294,,,Centrality,dataset3,p10,2
,dataset_3_centrality_threshold,,,,,,,,,,0.13,0.294,,,Centrality,dataset3,p15,3
,dataset_3_centrality_threshold,,,,,,,,,,0.135,0.325,,,Centrality,dataset3,p20,4
,dataset_3_centrality_threshold,,,,,,,,,,0.135,0.325,,,Centrality,dataset3,p25,5
,dataset_3_centrality_threshold,,,,,,,,,,0.135,0.325,,,Centrality,dataset3,p30,6
,dataset_3_centrality_threshold,,,,,,,,,,0.135,0.325,,,Centrality,dataset3,p35,7
,dataset_3_centrality_threshold,,,,,,,,,,0.135,0.325,,,Centrality,dataset3,p40,8
,dataset_3_embedding_threshold,,,,,,,,,,0.455,0.694,,,Embeddings,dataset3,p0,0
,dataset_3_embedding_threshold,,,,,,,,,,0.457,0.692,,,Embeddings,dataset3,p5,1
,dataset_3_embedding_threshold,,,,,,,,,,0.466,0.702,,,Embeddings,dataset3,p10,2
,dataset_3_embedding_threshold,,,,,,,,,,0.459,0.7,,,Embeddings,dataset3,p15,3
,dataset_3_embedding_threshold,,,,,,,,,,0.467,0.734,,,Embeddings,dataset3,p20,4
,dataset_3_embedding_threshold,,,,,,,,,,0.483,0.752,,,Embeddings,dataset3,p25,5
,dataset_3_embedding_threshold,,,,,,,,,,0.483,0.763,,,Embeddings,dataset3,p30,6
,dataset_3_embedding_threshold,,,,,,,,,,0.475,0.745,,,Embeddings,dataset3,p35,7
,dataset_3_embedding_threshold,,,,,,,,,,0.461,0.734,,,Embeddings,dataset3,p40,8
,dataset_3_ensemble,,,,,,,,,,0.167,0.327,,,Stacked,dataset3,p0,0
,dataset_3_ensemble,,,,,,,,,,0.149,0.29,,,Stacked,dataset3,p5,1
,dataset_3_ensemble,,,,,,,,,,0.149,0.29,,,Stacked,dataset3,p10,2
,dataset_3_ensemble,,,,,,,,,,0.149,0.29,,,Stacked,dataset3,p15,3
,dataset_3_ensemble,,,,,,,,,,0.153,0.317,,,Stacked,dataset3,p20,4
,dataset_3_ensemble,,,,,,,,,,0.153,0.317,,,Stacked,dataset3,p25,5
,dataset_3_ensemble,,,,,,,,,,0.153,0.317,,,Stacked,dataset3,p30,6
,dataset_3_ensemble,,,,,,,,,,0.153,0.317,,,Stacked,dataset3,p35,7
,dataset_3_ensemble,,,,,,,,,,0.153,0.317,,,Stacked,dataset3,p40,8
