p,train_rmse,train_mae,validation_rmse,validation_mae,test_rmse,test_mae,val/train_rmse,val/train_mae
p0,0.27043656234163566,0.1195519002057515,0.31149582642927837,0.1395495080442477,0.3294751246043559,0.14519658377720934,1.15,1.17
p5,0.28718288923731217,0.12090132234452282,0.3085656268266694,0.133955246318808,0.2936454125477504,0.13019655287597315,1.07,1.11
p10,0.28718288923731217,0.12090132234452282,0.3085656268266694,0.133955246318808,0.2936454125477504,0.13019655287597315,1.07,1.11
p15,0.28718288923731217,0.12090132234452282,0.3085656268266694,0.133955246318808,0.2936454125477504,0.13019655287597315,1.07,1.11
p20,0.28707640001360024,0.11574727496887545,0.321155830875196,0.13698416527750243,0.32468372505699883,0.13471567444622837,1.12,1.18
p25,0.28707640001360024,0.11574727496887545,0.321155830875196,0.13698416527750243,0.32468372505699883,0.13471567444622837,1.12,1.18
p30,0.28707640001360024,0.11574727496887545,0.321155830875196,0.13698416527750243,0.32468372505699883,0.13471567444622837,1.12,1.18
p35,0.28707640001360024,0.11574727496887545,0.321155830875196,0.13698416527750243,0.32468372505699883,0.13471567444622837,1.12,1.18
p40,0.28707640001360024,0.11574727496887545,0.321155830875196,0.13698416527750243,0.32468372505699883,0.13471567444622837,1.12,1.18
